<?xml version="1.0" encoding="UTF-8" ?>
<!DOCTYPE mapper
        PUBLIC "-//mybatis.org//DTD Mapper 3.0//EN"
        "http://mybatis.org/dtd/mybatis-3-mapper.dtd">

<mapper namespace="com.mapper.EmpMapper1">




        <update id="updateEmp">
            update emp
            <set>
                <if test="username != null">username = #{username},</if>
                <if test="name != null">name = #{name},</if>
                <if test="gender != null">gender = #{gender},</if>
                <if test="image != null">image = #{image},</if>
                <if test="job != null">job = #{job},</if>
                <if test="entrydate != null">entrydate = #{entrydate},</if>
                <if test="deptId != null">dept_id = #{deptId},</if>
                <if test="updateTime != null">update_time = #{updateTime}</if>
            </set>
            where id = #{id}
        </update>


    <!--
        resultType:单条记录封装的类型
        <if>标签：用来拼接sql语句
        <where>标签：自动去除多余的元素，例如and或or
    -->
    <select id="list" resultType="com.pojo.Emp">
        select * from emp
        <where>
            <if test="name != null and name != ''">
                name like concat('%', #{name}, '%')
            </if>
            <if test="gender != null">
                and gender = #{gender}
            </if>
            <if test="begin != null and end != null">
                and entrydate between #{begin} and #{end}
            </if>
        </where>
        order by update_time desc
    </select>


<!--    collection: 遍历的集合
       item: 遍历出来的元素
       separator: 分隔符
       open: 遍历开始前拼接的SQL片段
       close: 遍历结束后拼接的SQL片段-->
    <delete id="deleteEmp">
        delete  from emp where id in
        <foreach collection="ids" item="id" separator="," open="(" close=")">
            #{id}
        </foreach>
    </delete>

</mapper>