<?xml version="1.0" encoding="UTF-8" ?>
<!DOCTYPE mapper
        PUBLIC "-//mybatis.org//DTD Mapper 3.0//EN"
        "http://mybatis.org/dtd/mybatis-3-mapper.dtd">

<mapper namespace="mapper.BrandMapper1">
    <!-- namespace名称和接口类名称一致 -->

    <resultMap id="brandResultMap1" type="brand">
        <result property="brandName" column="brand_name"/>
        <result property="companyName" column="company_name"/>
    </resultMap>

    <!-- resultMap属性是为了解决实体类属性和数据库列名不匹配的查询 -->

    <delete id="deleteByIds">
        delete from tb_brand1 where id in
        <foreach collection="ids" item="id" separator="," open="(" close=")">
            #{id}
        </foreach>
    </delete>

    <update id="update">
        update tb_brand1
        <set>
            <if test="brandName != null and brandName != ''">
                brand_name = #{brandName},
            </if>
            <if test="companyName != null and companyName != ''">
                company_name = #{companyName},
            </if>
            <if test="ordered != null ">
                ordered = #{ordered},
            </if>
            <if test="description != null and description != ''">
                description = #{description},
            </if>
            <if test="status != null ">
                status = #{status}
            </if>
        </set>
        where id = #{id};
    </update>

    <select id="selectBypageAndcondition" resultMap="brandResultMap1">
        select *
        from tb_brand1
        <where>
            <if test="brand.brandName != null and brand.brandName != ''">
                and brand_name like #{brand.brandName}
            </if>
            <if test="brand.companyName != null and brand.companyName != ''">
                and company_name like #{brand.companyName}
            </if>
            <if test="brand.status != null ">
                and status = #{brand.status}
            </if>
        </where>
        limit #{begin},#{size}

    </select>
    <select id="selectTotalCountBycondition" resultType="java.lang.Integer">
        select count(*)
        from tb_brand1
        <where>
            <if test="brandName != null and brandName != ''">
                and brand_name like #{brandName}
            </if>
            <if test="companyName != null and companyName != ''">
                and company_name like #{companyName}
            </if>
            <if test="status != null ">
                and status = #{status}
            </if>
        </where>
    </select>
</mapper>