<?xml version="1.0" encoding="UTF-8" ?>
<!DOCTYPE configuration
        PUBLIC "-//mybatis.org//DTD Config 3.0//EN"
        "http://mybatis.org/dtd/mybatis-3-config.dtd">
<configuration>
    <!-- 配置以下各个标签时，需要遵守前后顺序-->

    <!-- 类型别名 -->
    <typeAliases>
        <package name="bean"/>
    </typeAliases>

    <!-- environments配置数据库连接信息，可以配置多个数据库，通过default属性切换不同的environments -->
    <environments default="development">
        <environment id="development">
            <transactionManager type="JDBC"/>
            <dataSource type="POOLED">
                <property name="driver" value="com.mysql.jdbc.Driver"/>
                <property name="url" value="jdbc:mysql:///db1?useSSL=false"/>
                <property name="username" value="root"/>
                <property name="password" value="123456"/>
            </dataSource>
        </environment>
    </environments>

    <mappers>
    <!--扫描mapper -->
        <package name="mapper"/>
    </mappers>
</configuration>